Model,Colour,Source,Serial,ConstructionBucket
Epiphone Les Paul Studio Custom Shop, ,eBay,10011512788,electric_solid
Epiphone Les Paul Standard Plus Top Heritage, Cherry Sunburst, Ishibashi,10051509041,electric_solid
Epiphone Nighthawk Custom Reissue,Fireburst ,Ishibashi,12032307818,electric_solid
Epiphone Casino Inspired By John Lennon E230TD, ,Ishibashi,13091500180,electric_hb
Epiphone Tak Matsumoto DC Custom Ebony Fingerboard, Ebony,Ishibashi,14111508184,electric_solid
Epiphone Casino,Vintage Sunburst ,Ishibashi,16011500194,electric_hb
EPIPHONE Casino, Vintage Sunburst,Ishibashi,16071503523,electric_hb
Epiphone Casino, Cherry, Ishibashi,16101500909,electric_hb
Epiphone Casino Coupe,Cherry,Ishibashi,17051500412,electric_hb
Epiphone Limited Edition Joe Bonamassa 1958 Amos Korina Flying V, ,Sweetwater,17102302224,electric_solid
Epiphone Inspired by Gibson Les Paul Standard 60s, Iced Tea ,Ishibashi,20041522394,electric_solid
Epiphone UpTown Kat ES,Sapphire Blue Metallic,Ishibashi,21051520947,electric_hb
EPIPHONE JOE BONAMASSA 59 LPS LAZARUS, ,Ishibashi,21051534779,electric_solid
Epiphone Masterbilt Excellente FT-120,Antique Natural Aged,Ishibashi,21092308389,acoustic
EPIPHONE Joan Jett Olympic Special,Aged Classic White,Ishibashi,21111525892,electric_solid
EPIPHONE Riviera, Royal Tan,Ishibashi,21111535722,electric_hb
Epiphone Casino Coupe ,Vintage Sunburst,Ishibashi,21121523728,electric_hb
Epiphone Embassy Bass Guitar,Wanderlust Green Metallic,Sweetwater,22012350846,electric_solid
Epiphone Embassy Bass Guitar,Wanderlust Green Metallic,Sweetwater,22012350929,electric_solid
Epiphone Inspired by Gibson Les Paul Standard 50s,Heritage Cherry Sunburst,Ishibashi,22031531738,electric_solid
Epiphone Les Paul Custom, ,Forum,22051533548,electric_solid
EPIPHONE Inspired by Gibson Dot ES-335,Vintage Sunburst,Ishibashi,22091511446,electric_hb
Epiphone IBG J-200 Acoustic-electric Guitar,Aged Vintage Sunburst Gloss,Sweetwater,22092305558,acoustic
Epiphone IBG J-200 Acoustic-electric Guitar,Aged Vintage Sunburst Gloss,Sweetwater,22102303682,acoustic
Epiphone Inspired by Gibson Firebird,Vintage Sunburst ,Ishibashi,23071532897,electric_solid
Epiphone Inspired By Gibson Custom 1963 Firebird I,Silver Mist,Unknown,23091523662,electric_solid
Epiphone IGC Les Paul,Unknown,Unknown,23121521918,electric_solid
Inspired by Gibson Custom 1959 Les Paul Standard,Washed Cherry Sunburst,Ishibashi,23121524563,electric_solid
Epiphone Inspired By Gibson Custom 1958 Korina Explorer, - White Pickguard *Left-Handed*,Aged Natural ,24011524236,electric_solid
Epiphone Casino Left-Handed 2024,Natural,Ishibashi,24021511497,electric_hb
Epiphone CASINO,Vintage Sunburst,Ishibashi,24041511559,electric_hb
Epiphone Dave Grohl DG-335 Semi-hollowbody Electric Guitar,Pelham Blue,Sweetwater,24061510106,electric_hb
Epiphone Dave Grohl DG-335 Semi-hollowbody Electric Guitar,Pelham Blue,Sweetwater,24061510232,electric_hb
Epiphone Dave Grohl DG-335 Semi-hollowbody Electric Guitar,Pelham Blue,Sweetwater,24061510481,electric_hb
Epiphone Dave Grohl DG-335 Semi-hollowbody Electric Guitar,Pelham Blue,Sweetwater,24061510802,electric_hb
Epiphone Dave Grohl DG-335 Semi-hollowbody Electric Guitar,Pelham Blue,Sweetwater,24061510827,electric_hb
Epiphone 1959 Les Paul Standard Reissue Electric Guitar,Royal Teaburst VOS Sweetwater Exclusive,Sweetwater,24061520014,electric_solid
Epiphone 1959 Les Paul Standard Reissue Electric Guitar,Royal Teaburst VOS Sweetwater Exclusive,Sweetwater,24061520023,electric_solid
Epiphone 1959 Les Paul Standard Reissue Electric Guitar,Royal Teaburst VOS Sweetwater Exclusive,Sweetwater,24061521002,electric_solid
Epiphone 1959 Les Paul Standard Reissue Electric Guitar,Royal Teaburst VOS Sweetwater Exclusive,Sweetwater,24061521014,electric_solid
EPIPHONE Inspired by Gibson Les Paul Modern,Figured Purple burst,Ishibashi,24061525361,electric_solid
EPIPHONE Les Paul Custom, Alpine White, Ishibashi,23061532303,electric_solid
Epiphone Miranda Lambert Bluebird Acoustic-electric Guitar,Blue Bonnet,Sweetwater,24071500502,acoustic
Epiphone 1959 Les Paul Standard Reissue Electric Guitar,Royal Teaburst VOS Sweetwater Exclusive,Sweetwater,24071526692,electric_solid
EPIPHONE CASINO Vintage Sunburst,Vintage Sunburst,Ishibashi,24091510994,electric_hb
EPIPHONE Les Paul Standard 50s,Inverness Green,Ishibashi,24091521656,electric_solid
Epiphone Miranda Lambert Bluebird Acoustic-electric Guitar,Blue Bonnet,Sweetwater,24101500671,acoustic
Epiphone Casino Hollowbody Electric Guitar,Vintage Sunburst,Sweetwater,24101510412,electric_hb
Epiphone Thunderbird '64 Bass Guitar,Ember Red,Sweetwater,24101527658,electric_solid
Epiphone 1959 ES-355 Semi-hollowbody Electric Guitar,Classic White,Sweetwater,24111512526,electric_hb
Epiphone 1959 ES-355 Semi-hollowbody Electric Guitar,Classic White,Sweetwater,24121510105,electric_hb
Epiphone 1959 ES-355 Semi-hollowbody Electric Guitar,Classic White,Sweetwater,24121510112,electric_hb
Epiphone 1959 ES-355 Semi-hollowbody Electric Guitar,Classic White,Sweetwater,24121510117,electric_hb
Epiphone 1959 ES-355 Semi-hollowbody Electric Guitar,Classic White,Sweetwater,24121510725,electric_hb
Epiphone Jeff Beck Oxblood 1954 Les Paul, Oxblood, Gibson UK/EU Demo Shop,24121524017,electric_solid
Epiphone 1964 SG Standard Reissue Electric Guitar,Cherry Red,Sweetwater,24121524913,electric_solid
Epiphone 1964 SG Standard Reissue Electric Guitar,Cherry Red,Sweetwater,24121527673,electric_solid
Epiphone Casino Hollowbody Electric Guitar,Vintage Sunburst,Sweetwater,25011511657,electric_hb
Epiphone 1959 ES-355 Semi-hollowbody Electric Guitar,Cherry Red,Sweetwater,25011511718,electric_hb
IGC 1963 Firebird I Reissue,Cardinal Red, ,25011521003,electric_solid
Epiphone 1964 SG Standard Reissue Electric Guitar,Cherry Red,Sweetwater,25011522383,electric_solid
IGC 1942 Banner J-45 Reissue,Vintage Sunburst , ,25021500313,acoustic
IGC 1942 Banner J-45 Reissue,Vintage Sunburst , ,25021500317,acoustic
IGC 1942 Banner J-45 Reissue,Vintage Sunburst , ,25021500648,acoustic
Epiphone 1959 ES-355 Semi-hollowbody Electric Guitar,Cherry Red,Sweetwater,25021511683,electric_hb
Epiphone 1959 ES-355 Semi-hollowbody Electric Guitar,Cherry Red,Sweetwater,25021511804,electric_hb
Epiphone Les Paul Custom Figured ,Heritage Cherry Sunburst,Gibson UK/EU Demo Shop,25021527731,electric_solid
Epiphone Inspired by Gibson Custom 1960 Hummingbird Reissue,Heritage Cherry Sunburst, ,25031500021,acoustic
Epiphone Inspired by Gibson Custom 1957 SJ-200 Reissue,Antique Natural, ,25031500042,acoustic
Epiphone Inspired by Gibson Custom 1957 SJ-200 Reissue,Antique Natural, ,25031500154,acoustic
Epiphone IGC Hummingbird Deluxe EC Autumn Burst, Autumn Burst,eBay,25031500176,acoustic
Epiphone Inspired by Gibson Custom Pre-War SJ-200 Rosewood Reissue,Vintage Sunburst, ,25031500225,acoustic
Epiphone Inspired by Gibson Custom 1963 Dove Reissue,Natural, ,25031500274,acoustic
Epiphone Inspired by Gibson Custom Hummingbird Deluxe EC,Autumn Burst , unknown ,25031500387,acoustic
Epiphone Inspired by Gibson Custom Hummingbird Deluxe EC,Natural, ,25031500413,acoustic
Epiphone Inspired by Gibson Custom Hummingbird Deluxe EC,Autumn Burst, ,25031500560,acoustic
Epiphone Inspired by Gibson Custom 1957 SJ-200 Reissue,Antique Natural, ,25031500595,acoustic
Epiphone IGC 1957 SJ-200 Reissue,Unknown,Sweetwater,25031500991,acoustic
Epiphone 1960 Hummingbird Reissue Acoustic-electric Guitar,Cherry Sunburst,Sweetwater,25031501174,acoustic
Epiphone Inspired by Gibson Custom Hummingbird Deluxe EC,Natural, ,25031501225,acoustic
Epiphone Jack Casady Fretless Signature Bass Guitar,Aged Royal Tan,Sweetwater,25031510259,electric_hb
Epiphone Inspired by Gibson ES-335,Vintage Sunburst,Ishibashi,25031510812,electric_hb
IGC Custom 1964 SG Standard,w/Maestro Vibrola, ,25031522906,electric_solid
Epiphone 1960 Hummingbird Reissue Acoustic-electric Guitar,Cherry Sunburst,Sweetwater,25041500295,acoustic
Epiphone Inspired by Gibson Custom 1959 ES-355,Ebony, ,25041510381,electric_hb
Epiphone Bonehead Riviera Electric Guitar,Dark Tobacco Sunburst,Sweetwater,25041511464,electric_hb
Epiphone Bonehead Riviera Electric Guitar,Dark Tobacco Sunburst,Sweetwater,25041511472,electric_hb
Epiphone Bonehead Riviera Electric Guitar,Dark Tobacco Sunburst,Sweetwater,25041511588,electric_hb
Epiphone Bonehead Riviera Electric Guitar,Dark Tobacco Sunburst,Sweetwater,25041511589,electric_hb
IGC 1959 Les Paul Standard,Factory Burst, ,25041523120,electric_solid
IGC 1959 Les Paul Standard,Factory Burst, ,25041523943,electric_solid
IGC 1959 Les Paul Standard,Factory Burst, ,25041525266,electric_solid
IGC 1959 Les Paul Standard,Factory Burst, ,25041525267,electric_solid
IGC 1959 Les Paul Standard,Factory Burst, ,25041525268,electric_solid
IGC 1959 Les Paul Standard,Factory Burst, ,25041525272,electric_solid
IGC 1959 Les Paul Standard,Factory Burst, ,25041525273,electric_solid
IGC 1959 Les Paul Standard,Factory Burst, ,25041525274,electric_solid
IGC 1959 Les Paul Standard,Factory Burst, ,25041525276,electric_solid
IGC 1959 Les Paul Standard,Factory Burst, ,25041525278,electric_solid
IGC 1959 Les Paul Standard,Factory Burst, ,25041525279,electric_solid
Epiphone Les Paul Custom Electric Guitar,Viper Blue Sweetwater Exclusive,Sweetwater,25041525367,electric_solid
IGC 1959 Les Paul Standard,Factory Burst, ,25041526056,electric_solid
IGC 1959 Les Paul Standard,Factory Burst, ,25041526057,electric_solid
IGC 1959 Les Paul Standard,Factory Burst, ,25041526062,electric_solid
Epiphone Les Paul Custom Electric Guitar,Viper Blue Sweetwater Exclusive,Sweetwater,25041526562,electric_solid
Epiphone Les Paul Custom Electric Guitar,Viper Blue Sweetwater Exclusive,Sweetwater,25041526567,electric_solid
Epiphone Les Paul Custom Electric Guitar,Viper Blue Sweetwater Exclusive,Sweetwater,25041526594,electric_solid
Epiphone Les Paul Custom Electric Guitar,Viper Blue Sweetwater Exclusive,Sweetwater,25041526596,electric_solid
Gem Archer Sheraton, Cherry Red,Ishibashi,25051511433,electric_hb
IGC 1959 Les Paul Standard,Deep Cherry Sunburst *Left-Handed*, ,25051524331,electric_solid
IGC Custom 1964 SG Standard,Unknown, ,25051525791,electric_solid
Epiphone Thunderbird '64 Bass Guitar,Silver Mist,Sweetwater,25051526070,electric_solid
Epiphone Dove Studio Acoustic-electric Guitar,Violin Burst ,Sweetwater,25052304163,acoustic
Epiphone Dove Studio Acoustic-electric Guitar,Violin Burst ,Sweetwater,25052306237,acoustic
Epiphone Dove Studio Acoustic-electric Guitar,Violin Burst ,Sweetwater,25052306992,acoustic
Epiphone Dove Studio Acoustic-electric Guitar,Violin Burst ,Sweetwater,25052307026,acoustic
Epiphone IBG J-200 Acoustic-electric Guitar,Aged Vintage Sunburst Gloss,Sweetwater,25052307454,acoustic
Epiphone Inspired by Gibson Hummingbird Acoustic Guitar,Aged Cherry Sunburst Gloss,Sweetwater,25061500317,acoustic
Epiphone Inspired by Gibson Hummingbird Acoustic Guitar,Aged Cherry Sunburst Gloss,Sweetwater,25061500322,acoustic
Epiphone Inspired by Gibson Hummingbird Acoustic Guitar,Aged Cherry Sunburst Gloss,Sweetwater,25061500388,acoustic
Epiphone Inspired by Gibson Hummingbird Acoustic Guitar,Aged Cherry Sunburst Gloss,Sweetwater,25061500439,acoustic
Epiphone Inspired by Gibson Hummingbird Acoustic Guitar,Aged Cherry Sunburst Gloss,Sweetwater,25061500446,acoustic
Epiphone Inspired By Gibson Custom 1959 ES-355,Classic White, ,25061510746,electric_hb
Epiphone Casino,Vintage Sunburst Dogear PRO P-90 Pickups, ,25061510841,electric_hb
Epiphone Casino,Vintage Sunburst Dogear PRO P-90 Pickups, ,25061510981,electric_hb
Epiphone Inspired By Gibson Custom 1959 ES-355,Classic White, ,25061511365,electric_hb
Epiphone Inspired By Gibson Custom 1959 ES-355,Classic White, ,25061511366,electric_hb
Epiphone Inspired By Gibson Custom 1959 ES-355,Classic White, ,25061511368,electric_hb
Epiphone ES-335 Figured Semi-hollowbody,Blueberry Burst (Epiphone Original Collection),Sweetwater,25061511826,electric_hb
Epiphone Noel Gallagher Riviera,Dark Wine Red, ,25061512970,electric_hb
Epiphone ES-335 Figured Semi-hollowbody,Blueberry Burst (Epiphone Original Collection),Sweetwater,25061512989,electric_hb
Epiphone EB-3 Bass Guitar,Cherry,Sweetwater,25061520795,electric_solid
Epiphone EB-3 Bass Guitar,Cherry,Sweetwater,25061520806,electric_solid
Epiphone EB-3 Bass Guitar,Cherry,Sweetwater,25061521230,electric_solid
IGC Custom 1964 SG Standard,w/Maestro Vibrola, ,25061523265,electric_solid
Epiphone EB-3 Bass Guitar,Cherry,Sweetwater,25061523689,electric_solid
IGC 1959 Les Paul Standard,Factory Burst, ,25061524303,electric_solid
IGC 1959 Les Paul Standard,Factory Burst, ,25061524795,electric_solid
Epiphone Thunderbird E1 Bass Guitar $449.00,Vintage Sunburst,Sweetwater,25061527570,electric_solid
Epiphone Inspired by Gibson Custom Les Paul Custom, Ebony, ,25061527737,electric_solid
IGC Custom 1964 SG Standard,w/Maestro Vibrola, ,25061528150,electric_solid
Epiphone Blues King Studio Acoustic-electric Guitar,Ebony,Sweetwater,25062302342,acoustic
Epiphone L-00 Studio Acoustic-Electric Guitar,Vintage Sunburst,Sweetwater,25062302425,acoustic
IGC 1957 SJ-200 Reissue, Unknown, ,25071500745,acoustic
Epiphone Casino Hollowbody Electric Guitar,Vintage Sunburst,Sweetwater,25071510533,electric_hb
Epiphone Noel Gallagher Riviera,Dark Wine Red, ,25071510571,electric_hb
Epiphone Casino Hollowbody Electric Guitar,Vintage Sunburst,Sweetwater,25071510669,electric_hb
Epiphone Noel Gallagher Riviera,Dark Wine Red, ,25071510715,electric_hb
Epiphone Noel Gallagher Riviera,Dark Wine Red, ,25071510718,electric_hb
Epiphone Noel Gallagher Riviera,Dark Wine Red, ,25071510806,electric_hb
Epiphone Noel Gallagher Riviera,Dark Wine Red, ,25071510821,electric_hb
Epiphone ES-335 Semi-hollowbody Electric Guitar,Vintage Sunburst (original collection ),Sweetwater,25071510849,electric_hb
Epiphone ES-335 Semi-hollowbody Electric Guitar,Vintage Sunburst (original collection ),Sweetwater,25071510994,electric_hb
Epiphone ES-335 Semi-hollowbody Electric Guitar,Vintage Sunburst (original collection ),Sweetwater,25071510999,electric_hb
Epiphone ES-335 Figured Semi-hollowbody,Blueberry Burst (Epiphone Original Collection),Sweetwater,25071511013,electric_hb
Epiphone Casino Hollowbody Electric Guitar,Vintage Sunburst,Sweetwater,25071511310,electric_hb
Epiphone Noel Gallagher Riviera,Dark Wine Red, ,25071511420,electric_hb
Epiphone ES-335 Semi-hollowbody Electric Guitar,Vintage Sunburst (original collection ),Sweetwater,25071511516,electric_hb
Epiphone Noel Gallagher Riviera,Dark Wine Red, ,25071511728,electric_hb
Epiphone Viola Bass,Vintage Sunburst,Sweetwater,25071511986,electric_hb
Epiphone ES-335 Semi-hollowbody Electric Guitar,Vintage Sunburst (original collection ),Sweetwater,25071512025,electric_hb
Epiphone Les Paul Custom Electric Guitar,Alpine White,Sweetwater,25071520492,electric_solid
Epiphone Les Paul Custom Electric Guitar,Alpine White,Sweetwater,25071521380,electric_solid
Epiphone Les Paul Custom Electric Guitar,Alpine White,Sweetwater,25071521384,electric_solid
Epiphone Les Paul Custom Electric Guitar,Alpine White,Sweetwater,25071521391,electric_solid
Epiphone Les Paul Custom Electric Guitar,Alpine White,Sweetwater,25071521807,electric_solid
Epiphone Thunderbird E1 Bass Guitar,Vintage Sunburst,Sweetwater,25071529957,electric_solid
Epiphone Thunderbird E1 Bass Guitar,Vintage Sunburst,Sweetwater,25071530466,electric_solid
Epiphone J-45 Studio Acoustic-electric Guitar,Natural,Sweetwater,25072300263,acoustic
Epiphone J-45 Studio Acoustic-electric Guitar,Natural,Sweetwater,25072300322,acoustic
Epiphone J-45 Studio Acoustic-electric Guitar,Natural,Sweetwater,25072300495,acoustic
piphone J-45 Studio EC Acoustic-electric Guitar,Natural,Sweetwater,25072300897,acoustic
piphone J-45 Studio EC Acoustic-electric Guitar,Natural,Sweetwater,25072301061,acoustic
piphone J-45 Studio EC Acoustic-electric Guitar,Natural,Sweetwater,25072301110,acoustic
Epiphone J-45 Studio EC Acoustic-electric Guitar,Vintage Sunburst $449,Sweetwater,25072301236,acoustic
Epiphone J-45 Studio EC Acoustic-electric Guitar,Vintage Sunburst $449,Sweetwater,25072301401,acoustic
Epiphone Blues King Studio Acoustic-electric Guitar,Dark Burst,Sweetwater,25072301564,acoustic
Epiphone Blues King Studio Acoustic-electric Guitar,Dark Burst,Sweetwater,25072301664,acoustic
Epiphone Blues King Studio Acoustic-electric Guitar,Dark Burst,Sweetwater,25072301705,acoustic
Epiphone Blues King Studio Acoustic-electric Guitar,Dark Burst,Sweetwater,25072301776,acoustic
Epiphone Blues King Studio Acoustic-electric Guitar,Dark Burst,Sweetwater,25072301813,acoustic
Epiphone Blues King Studio Acoustic-electric Guitar,Ebony,Sweetwater,25072301881,acoustic
Epiphone Blues King Studio Acoustic-electric Guitar,Ebony,Sweetwater,25072302008,acoustic
Epiphone Blues King Studio Acoustic-electric Guitar,Ebony,Sweetwater,25072302063,acoustic
Epiphone Blues King Studio Acoustic-electric Guitar,Ebony,Sweetwater,25072302110,acoustic
Epiphone Hummingbird Studio EC Acoustic-electric Guitar,Heritage Cherry Sunburst,Sweetwater,25072303575,acoustic
Epiphone Hummingbird Studio EC Acoustic-electric Guitar,Heritage Cherry Sunburst,Sweetwater,25072303584,acoustic
Epiphone Hummingbird Studio EC Acoustic-electric Guitar,Heritage Cherry Sunburst,Sweetwater,25072303616,acoustic
Epiphone Hummingbird Studio EC Acoustic-electric Guitar,Heritage Cherry Sunburst,Sweetwater,25072303718,acoustic
Epiphone J-200 Studio EC,Vintage Sunburst, ,25072304497,acoustic
Epiphone Jack Casady Signature Bass,Sparkling Burgundy,Sweetwater,25081510073,electric_hb
Epiphone Casino Hollowbody Electric Guitar,Natural,Sweetwater,25081510324,electric_hb
Epiphone J-200 Studio EC,Vintage Sunburst, ,25082304339,acoustic
Epiphone Viola Bass,Vintage Sunburst,Sweetwater,25091512290,electric_hb
Epiphone Viola Bass,Vintage Sunburst,Sweetwater,25091512294,electric_hb
Epiphone Viola Bass,Vintage Sunburst,Sweetwater,25091512546,electric_hb
Epiphone Viola Bass,Vintage Sunburst,Sweetwater,25091512554,electric_hb
Epiphone Jerry Cantrell Wino Les Paul Custom Electric Guitar,Wine Red,Sweetwater,25091524193,electric_solid
Epiphone Jerry Cantrell Wino Les Paul Custom Electric Guitar,Wine Red,Sweetwater,25091524628,electric_solid
Epiphone Jerry Cantrell Wino Les Paul Custom Electric Guitar,Wine Red,Sweetwater,25091526231,electric_solid
Epiphone 1960 Les Paul Special Double Cut Reissue Electric Guitar,TV Yellow,Sweetwater,25091526429,electric_solid
Epiphone 1960 Les Paul Special Double Cut Reissue Electric Guitar,TV Yellow,Sweetwater,25091526942,electric_solid
Epiphone 1960 Les Paul Special Double Cut Reissue Electric Guitar,TV Yellow,Sweetwater,25091526956,electric_solid
Epiphone SG Custom Electric Guitar,Viper Blue Sweetwater Exclusive,Sweetwater,25091527481,electric_solid
Epiphone 1963 Firebird V Left-handed Electric Guitar,Polaris White,Sweetwater,25091528109,electric_solid
Epiphone 1963 Firebird V Left-handed Electric Guitar,Polaris White,Sweetwater,25091528113,electric_solid
Epiphone EB-3 Bass Guitar,Ebony,Sweetwater,25091528144,electric_solid
Epiphone 1960 Les Paul Special Double Cut Reissue Electric Guitar,TV Yellow,Sweetwater,25091528721,electric_solid
Epiphone 1960 Les Paul Special Double Cut Reissue Electric Guitar,TV Yellow,Sweetwater,25091528758,electric_solid
Inspired by Gibson J-45 EC,Aged Vintage Sunburst Gloss,Kurosawa Gakki,25092300376,acoustic
Epiphone Masterbilt TEXAN,Aged Antique Natural ,Kurosawa Gakki,25102301497,acoustic
Inspired by Gibson Custom 1957 SJ-200 Reissue,Antique Natural,Kurosawa Gakki,25091500863,acoustic
Inspired by Gibson Custom 1957 SJ-200 Reissue,Vintage Sunburst,Kurosawa Gakki,25101500232,acoustic
Inspired by Gibson Custom 1963 Dove Reissue,Natural,Kurosawa Gakki,25101500082,acoustic
Epiphone Inspired by Gibson Custom 1960 Les Paul Standard Reissue,Washed Cherry Sunburst,Kurosawa Gakki,24121524110,electric_solid
Epiphone Inspired by Gibson Custom 1960 Les Paul Standard Reissue,Iced Tea Burst,Kurosawa Gakki,24121523047,electric_solid
Epiphone Les Paul Custom,Ebony,Kurosawa Gakki,25071524397,electric_solid
Epiphone Bonehead Riviera Electric Guitar,Dark Tobacco Sunburst,Kurosawa Gakki,25091512393,electric_hb
Epiphone Inspired by Gibson 1957 SJ-200,Vintage Sunburst,Kurosawa Gakki,25091500400,acoustic
Epiphone Broadway,Wine Red,Kurosawa Gakki,25101510652,electric_hb
Epiphone Casino,Natural,Kurosawa Gakki,25041510446,electric_hb
Epiphone IBG ES-335,Vintage Sunburst,Kurosawa Gakki,25091512021,electric_hb
Epiphone Inspired by Gibson Custom 1959 Les Paul Standard Reissue,Deep Cherry Sunburst,Kurosawa Gakki,24121522443,electric_solid
Epiphone IBG ES-335,Sunburst,Kurosawa Gakki,25021511995,electric_hb
Epiphone Broadway,Vintage Sunburst,Kurosawa Gakki,23021511248,electric_hb
Epiphone Inspired by Gibson Custom Les Paul Custom,Alpine White,Kurosawa Gakki,25021530183,electric_solid
Epiphone IBG ES-335,60s Cherry,Kurosawa Gakki,25091510996,electric_hb
Epiphone Kirk Hammett Greeny 1959 Les Paul Standard,Greeny Burst,Kurosawa Gakki,25061525479,electric_solid
Epiphone Les Paul Standard 50s,Figured Bourbon Burst,Kurosawa Gakki,24121523550,electric_solid
Epiphone IGC Les Paul Custom,Ebony,Kurosawa Gakki,24111529809,electric_solid
Epiphone IGC Les Paul Custom,Washed Bourbon Burst,Kurosawa Gakki,24121526355,electric_solid
Epiphone IGC ES-335,Raspberry Tea Burst,Kurosawa Gakki,25091511895,electric_hb
Epiphone Inspired by Gibson Custom 1960 Les Paul Standard Reissue,Iced Tea Burst,Kurosawa Gakki,24121525774,electric_solid
Epiphone ES-339,Vinatage Sunburst,Kurosawa Gakki,25071510350,electric_hb
Epiphone Les Paul Modern Figured,Purple Burst,Kurosawa Gakki,25051524730,electric_solid
Epiphone IGC 1962 ES-335 Reissue,Vintage Burst,Kurosawa Gakki,25091510868,electric_hb
Epiphone SG Tribute Plus,Cherry Burst,Kurosawa Gakki,25082350772,electric_solid
Epiphone Inspired by Gibson Custom 1957 Les Paul Goldtop Reissue,Double Gold,Kurosawa Gakki,25021529032,electric_solid
Epiphone Casino,Natural,Kurosawa Gakki,25071510375,electric_hb
Epiphone IGC ES-335,Cherry,Kurosawa Gakki,25091510992,electric_hb
Epiphone Mastertone Classic Banjo,Natural,Coda Music,24011303890,unknown
Epiphone Les Paul Special,TV Yellow,Coda Music,23061520216,electric_solid
Epiphone Waxx Nighthawk Studio,Pelham Blue,Coda Music,23081522916,electric_solid
Epiphone Broadway,Vinatage Sunburst,Coda Music,23031510075,electric_hb
Epiphone Les Paul Standard 50s,Washed Cherry Sunburst,Coda Music,25051520440,electric_solid
Epiphone Les Paul Standard 50s,Classic White,Coda Music,25071524534,electric_solid
Epiphone IGC ’63 Firebird I,Inverness Green,Reverb,23091529142,electric_solid
Epiphone IGC Limited Edition ’58 Korina Explorer Reissue,Aged Natural,Reverb,24011525486,electric_solid
Epiphone BB King Lucile,Ebony,Reverb,08111505334,electric_hb
Epiphone BB King Lucile,Ebony,Guitar Guys UK,21071527996,electric_hb
Epiphone BB King Lucile,Ebony,Reverb Japan,23111511019,electric_hb
Epiphone BB King Lucile ,Ebony,Reverb (Japan),21051533627,electric_hb
Epiphone BB King Lucile ,Ebony,Reverb,16101503233,electric_hb
Epiphone BB King Lucile ,Ebony,Reverb,19051529710,electric_hb
Epiphone BB King Lucile ,Cherry,Reverb (China),22041510106,electric_hb
Epiphone BB King Lucile ,Ebony,Reverb (Japan) ,19011510766,electric_hb
Epiphone Nancy Wilson Fanatic Nighthawk ,Fireburst,Reverb,22071534703,electric_solid
Epiphone Joe Bonamassa Signature Lazarus '59 Les Paul Standard,Natural,Reverb,21071530612,electric_solid
Epiphone Uptown Kat,Topaz Gold Metallic,Reverb,19101533027,electric_hb
Epiphone Ltd. Ed. Thommy Thayer Electric Blue Signature Les Paul,Electric Blue,Reverb,22121520130,electric_solid
Epiphone Broadway,Wine Red,Reverb,23031510973,electric_hb
Epiphone Masterbilt Century Collection Olympic,Violin Burst ,Reverb,16092301540,acoustic
Epiphone Mastertone Classic Banjo,Natural,Jim Laabs Guitars United States,24031308142,unknown
Epiphone Dove Studio,Violin Burst ,Dexx Audio UK,22032302547,acoustic
Epiphone J-200EC Studio,Natural,Reverb,22022300859,acoustic
Epiphone FT-79  Inspired by Texan,Antique Natural,Reverb,12102309063,acoustic
Epiphone IBG J-45EC,Vintage Sunburst,Vintage Strings And Musical Instrument Co. USA,20122306693,acoustic
Epiphone Hummingbird Pro FC,Cherry Sunburst,"Music all inclusive, Mexico",19092305204,acoustic
EJ-200 SC,Unknown,Forum,140923099XX,acoustic
Masterbilt Century DeLuxe (Roundhole),Unknown,Forum,161123006XX,acoustic
Masterbilt Century DeLuxe (Classic),Unknown,Forum,170523031XX,acoustic
Masterbilt Century Zenith,Unknown,Forum,170623011XX,acoustic
Limited Edition EL00,MA,Forum,17 10 23 027XX,acoustic
Joe Pass Emperor II Pro,Unknown,Forum,180323017XX,electric_hb
EJ-200 Coupe,Unknown,Forum,190523055XX,acoustic
Masterbilt FJ79 Texan,Unknown,Forum,191223088XX,acoustic
Masterbilt DR500,MCE,Forum,200523 043XX,acoustic
Masterbilt FT120 Excellente,Unknown,Forum,211023134XX,acoustic
Performer PR5e,Unknown,Forum,21 04 23 020XX,acoustic
Epiphone IBG J200,Unknown,Forum,22 01 23 054XX,acoustic
Epiphone 150th Anniversary Zephyr Regent,Unknown,Forum,221223503XX,electric_hb
Epiphone DR-100,VS,Auction catalogue (UK),15041306932,acoustic
Epiphone J-45 Studio,Unknown,Auction catalogue (UK),21082308548,acoustic
Epiphone ES-335 Dot,Natural,Auction catalogue (UK),13042309358,electric_hb
Epiphone Masterbilt TEXAN,Unknown,Auction catalogue (UK),20092308631,acoustic
Epiphone IGC 1959 Les Paul Standard,Factory Burst,Huber Breeze,24091528858,electric_solid
Epiphone IGC 1959 Les Paul Standard,Tobacco Sunburst,Huber Breeze,23111520109,electric_solid
Epiphone IGC 1959 Les Paul Standard,Factory Burst,Huber Breeze,23111530556,electric_solid
Epiphone IGC 1959 Les Paul Standard Electric Guitar,Aged Dark Burst,Huber Breeze,23021526918,electric_solid
Epiphone IGC 1959 Les Paul Standard Reissue,Deep Cherry Sunburst,Huber Breeze,24121523059,electric_solid
Epiphone IGC 1960 Les Paul Standard Reissue,Iced Tea Burst,Huber Breeze,24121525771,electric_solid
Epiphone IGC 1960 Les Paul Standard Reissue,Washed Cherry Sunburst,Huber Breeze,24121529063,electric_solid
Epiphone IGC 1964 SG Standard Reissue with Maestro Vibrola,Cherry Red,Huber Breeze,24121524417,electric_solid
"Epiphone Adam Jones Les Paul Custom Art Collection: Julie Heffernan's ""Self-Portrait as Not Dead Yet""",Antique Silverburst,Huber Breeze,23011522199,electric_solid
"Epiphone Adam Jones Les Paul Custom Artwork Julie Heffernan's “Study For Self Portrait W/ Rose Skirt and a Mouse""",Antique Silverburst,Huber Breeze,22111525820,electric_solid
"Epiphone Adam Jones Les Paul Custom Artwork Korin Fraught's “Sensation""",Antique Silverburst,Huber Breeze,23031524807,electric_solid
Epiphone Broadway,Wine Red,Huber Breeze,23031510979,electric_hb
Epiphone Coronet,Cherry,Huber Breeze,22061526307,electric_solid
Epiphone Coronet,Ebony,Huber Breeze,22041528390,electric_solid
Epiphone IGC Dave Grohl DG-335 Electric Guitar,Pelham Blue,Huber Breeze,24071510229,electric_hb
Epiphone IGC Dave Grohl DG-335 Electric Guitar,Pelham Blue,Huber Breeze,24071510227,electric_hb
Epiphone Dave Mustaine Flying V Custom,Black Metallic,Huber Breeze,22091524084,electric_solid
Epiphone Dave Mustaine Prophecy Flying V Figured,Aged Dark Red Burst,Huber Breeze,23011520213,electric_solid
"Epiphone IGC Jimi Hendrix ""Love Drops"" Flying V",Ebony,Huber Breeze,24061528380,electric_solid
"Epiphone IGC Jimi Hendrix ""Love Drops"" Flying V",Ebony,Huber Breeze,24101520521,electric_solid
"Epiphone IGC Jimi Hendrix ""Love Drops"" Flying V",Ebony,Huber Breeze,24091531551,electric_solid
"Epiphone IGC Jimi Hendrix ""Love Drops"" Flying V",Ebony,Huber Breeze,24101521636,electric_solid
"Epiphone IGC Jimi Hendrix ""Love Drops"" Flying V Left Handed",Ebony,Huber Breeze,24111531153,electric_solid
Epiphone Joe Bonamassa 1955 Les Paul Standard, Copper Iridescent,Huber Breeze,25061524193,electric_solid
Epiphone Joe Bonamassa 1955 Les Paul Standard,Copper Iridescent,Huber Breeze,25061524190,electric_solid
Epiphone Joe Bonamassa 59' Les Paul Electric Guitar,Antique Ebony,Huber Breeze,25091524536,electric_solid
Epiphone Joe Bonamassa 59' Les Paul,Antique Ebony,Huber Breeze,25091523564,electric_solid
Epiphone Joe Bonamassa Les Paul,Goldtop,Huber Breeze,11071508178,electric_solid
Epiphone IGC Kirk Hammet Greeny 1959 Les Paul Standard,Greeny Burst,Huber Breeze,24021521553,electric_solid
Epiphone IGC Kirk Hammet Greeny 1959 Les Paul Standard,Greeny Burst,Huber Breeze,24021521017,electric_solid
Epiphone IGC  Les Paul Custom,Alpine White,Huber Breeze,24101520748,electric_solid
Epiphone IBG Les Paul Custom,Ebony,Huber Breeze,24101526133,electric_solid
Epiphone IBG Les Paul Custom Figured,Heritage Cherry Sunburst,Huber Breeze,25091527117,electric_solid
Epiphone IBG Les Paul Prophecy,Aged Bengal Tiger Burst,Huber Breeze,24051523843,electric_solid
Epiphone IBG Les Paul Prophecy Left Handed,Aged Jet Black Metallic,Huber Breeze,24041521489,electric_solid
Epiphone Les Paul SL,Ebony,Huber Breeze,18071304038,electric_solid
Epiphone Les Paul Special,TV Yellow,Huber Breeze,22081529126,electric_solid
Epiphone IBG Les Paul Standard '50s,Metallic Gold,Huber Breeze,23051529875,electric_solid
Epiphone IBG Les Paul Standard '60s,Bourbon Burst,Huber Breeze,24011522039,electric_solid
Epiphone IBG Les Paul Standard '60s,Ebony,Huber Breeze,24071531284,electric_solid
Epiphone IBG Les Paul Standard '60s,Silver Mist,Huber Breeze,24111523026,electric_solid
Epiphone IBG Les Paul Standard '50s,Goldtop,Huber Breeze,24101520041,electric_solid
Epiphone IBG Les Paul Standard ‘50s Figured,Washed Cherry Sunburst,Huber Breeze,24111527524,electric_solid
Epiphone IBG Les Paul Standard 60's Figured,Iced Tea Burst,Huber Breeze,24091531205,electric_solid
Epiphone Les Paul Tribute,Ebony,Huber Breeze,24081305165,electric_solid
Epiphone Les Paul Tribute Plus,Ebony Burst,Huber Breeze,25072350588,electric_solid
Epiphone Power Players Les Paul,Lava Red,Huber Breeze,22011311603,electric_solid
Epiphone SG Prophecy,Aged Bengal Tiger Burst,Huber Breeze,24051522868,electric_solid
Epiphone IBG Slash Victoria Les Paul Standard,Gold,Huber Breeze,22041525138,electric_solid
Epiphone IBG Slash Les Paul Standard,Vermillion Burst,Huber Breeze,22041526360,electric_solid
Epiphone IGC1942 Banner J-45 Reissue,Vintage Sunburst,Huber Breeze,25021500382,acoustic
Epiphone El Nino,Natural,Huber Breeze,22012302856,acoustic
Epiphone IBG Hummingbird,Aged Natural Antique,Huber Breeze,24022301135,acoustic
Epiphone IBG Les Paul Standard, Red, Bonners Music,15051508268,electric_solid
Epiphone 1959 Les Paul Standard Reissue, Royal Teaburst exclusive, Sweetwater,25081531180,electric_solid
Epiphone 1959 Les Paul Standard Reissue, Royal Teaburst exclusive, Sweetwater,25081531726,electric_solid
Epiphone 1959 Les Paul Standard Reissue, Royal Teaburst exclusive, Sweetwater,25081531739,electric_solid
Epiphone 1959 Les Paul Standard Reissue, Royal Teaburst exclusive, Sweetwater,25081531748,electric_solid
Epiphone 1959 Les Paul Standard Reissue, Royal Teaburst exclusive, Sweetwater,25081531749,electric_solid
Epiphone Inspired by Gibson Custom Les Paul Custom Quilt Electric Guitar, Cobra Burst exclusive, Sweetwater,25081528059,electric_solid
Epiphone Inspired by Gibson Custom Les Paul Custom Quilt Electric Guitar, Cobra Burst exclusive, Sweetwater,25081528064,electric_solid
Epiphone Inspired by Gibson Custom Les Paul Custom Quilt Electric Guitar, Cobra Burst exclusive, Sweetwater,25081529207,electric_solid
Epiphone Bonehead Riviera Electric Guitar, Dark Tobacco Sunburst, Sweetwater, 25041511740,electric_hb
Epiphone IGC 1962 Gibson ES-335 Reissue, '60s Cherry, Sweetwater, 25091511366,electric_hb
Epiphone IGC 1962 Gibson ES-335 Reissue, '60s Cherry, Sweetwater, 25091511908,electric_hb
Epiphone IGC 1962 Gibson ES-335 Reissue, '60s Cherry, Sweetwater, 25091512399,electric_hb
Epiphone IGC 1960 Les Paul Special Double Cut, TV Yellow, Sweetwater, 25091524960,electric_solid
Epiphone IGC 1960 Les Paul Special Double Cut, TV Yellow, Sweetwater, 25091528732,electric_solid
Epiphone IGC 1960 Les Paul Special Double Cut, TV Yellow, Sweetwater, 25091528747,electric_solid
Epiphone IGC 1960 Les Paul Special Double Cut, TV Yellow, Sweetwater, 25091527383,electric_solid
Epiphone IGC 1960 Les Paul Standard Reissue, Washed Cherry Sunburst, Sweetwater, 24111525768,electric_solid
Epiphone IGC 1960 Les Paul Standard Reissue, Washed Cherry Sunburst, Sweetwater, 24121527416,electric_solid
Epiphone IGC 1960 Les Paul Standard Reissue, Washed Cherry Sunburst, Sweetwater, 24121531219,electric_solid
Epiphone IGC 1960 Les Paul Standard Reissue, Washed Cherry Sunburst, Sweetwater, 25011520566,electric_solid
Epiphone IGC 1960 Les Paul Standard Reissue, Washed Cherry Sunburst, Sweetwater, 25011521111,electric_solid
Epiphone IGC 1957 Les Paul Goldtop, Goldtop, Sweetwater, 25081522283,electric_solid
Epiphone IGC 1957 Les Paul Goldtop, Goldtop, Sweetwater, 25091526988,electric_solid
Epiphone IGC 1957 Les Paul Goldtop, Goldtop, Sweetwater, 25091526995,electric_solid
Epiphone IGC 1957 Les Paul Goldtop, Goldtop, Sweetwater, 25091526998,electric_solid
Epiphone IGC 1957 Les Paul Goldtop, Goldtop, Sweetwater, 25091528783,electric_solid
Epiphone IBG Grabber Bass, Natural, Sweetwater, 24121524396,electric_solid
Epiphone IBG Grabber Bass, Natural, Sweetwater, 25011528242,electric_solid
Epiphone IBG Grabber Bass, Natural, Sweetwater, 25021523990,electric_solid
Epiphone IBG Grabber Bass, Natural, Sweetwater, 25021523992,electric_solid
Epiphone IBG Grabber Bass, Natural, Sweetwater, 25021524624,electric_solid
Epiphone Embassy Bass Guitar, Sparkling Burgundy, Sweetwater, 25091528210,electric_solid
Epiphone Embassy Bass Guitar, Sparkling Burgundy, Sweetwater, 25091528214,electric_solid
Epiphone Les Paul Custom Widow, Indigo Burst, Reddit, 24031520633,electric_solid
Epiphone IBG Les Paul Custom, Ebony, Reddit, 22011532155,electric_solid
Epiphone IBG ES-355 ,Ebony, Reddit, 25071512368,electric_hb
Epiphone IGC 1959 ES-355, Cherry Red, Sweetwater, 25021511686,electric_hb
Epiphone IGC 1959 ES-355, Cherry Red, Sweetwater, 25021511706,electric_hb
Epiphone IGC 1959 ES-355, Cherry Red, Sweetwater, 25021511712,electric_hb
Epiphone IGC 1959 ES-355, Cherry Red, Sweetwater, 25021511784,electric_hb
Epiphone IGC 1959 ES-355, Cherry Red, Sweetwater, 25021511885,electric_hb
Epiphone IGC Dave Grohl DG-335, Pelham Blue, Sweetwater, 24061510178,electric_hb
Epiphone IGC Dave Grohl DG-335, Pelham Blue, Sweetwater, 24061510380,electric_hb
Epiphone IGC Dave Grohl DG-335, Pelham Blue, Sweetwater, 24061510486,electric_hb
Epiphone IGC Dave Grohl DG-335, Pelham Blue, Sweetwater, 24061510589,electric_hb
Epiphone IGC Dave Grohl DG-335, Pelham Blue, Sweetwater, 24061510594,electric_hb
Epiphone IGC 1959 ES-355, Classic White, Sweetwater, 24111512653,electric_hb
Epiphone IGC 1959 ES-355, Classic White, Sweetwater, 24121510115,electric_hb
Epiphone IGC 1959 ES-355, Classic White, Sweetwater, 24121510117,electric_hb
Epiphone IGC 1959 ES-355, Classic White, Sweetwater, 24121510119,electric_hb
Epiphone IGC 1959 ES-355, Classic White, Sweetwater, 24111512648,electric_hb
Epiphone IGC 1962 ES-335 Reissue, Vintage Burst, Sweetwater, 25091512088,electric_hb
Epiphone Wilshire, Cherry, Reddit, 20081521407,electric_solid
Epiphone Emily Wolfe Sheraton Stealth, Black Aged Gloss, Reddit,20121523105,electric_hb
Epiphone Joan Jett Olympic Special, Aged Classic White, Reddit, 21111529000,electric_solid
Epiphone Newport Bass, Sunset Yellow, Reddit, 22071307398,electric_solid
Epiphone 50th Anniversary 1962 Crestwood Custom, Cherry, Reddit, 12082309311,electric_solid
Epiphone Riviera,Royal Tan , Reverb (purchased from Gibson London), 23031511134,electric_hb
Epiphone Thunderbird E1 Bass Guitar, Vintage Sunburst, Sweetwater, 25061528403,electric_solid
Epiphone EB-3 Bass Guitar, Cherry, Sweetwater,25091528621,electric_solid
Epiphone EB-3 Bass Guitar, Cherry, Sweetwater,25091528624,electric_solid
Epiphone EB-3 Bass Guitar, Cherry, Sweetwater,25091528627,electric_solid
Epiphone EB-3 Bass Guitar, Ebony, Sweetwater, 25091523806,electric_solid
Epiphone EB-3 Bass Guitar, Ebony, Sweetwater, 25091528634,electric_solid
Epiphone Thunderbird '64 Bass Guitar, Silver Mist, Sweetwater, 25051526069,electric_solid
Epiphone Rex Brown Thunderbird, Ebony, Peach Guitars, 23081523991,electric_solid
Epiphone Rex Brown Thunderbird, Ebony, Peach Guitars, 23071523024,electric_solid
Epiphone EB-3 Bass Guitar, Cherry, Peach Guitars,25021522576,electric_solid
Epiphone El Capitan J-200 Studio Bass,Aged Vintage Natural, Peach Guitars, 22082306931,acoustic
Epiphone El Capitan J-200 Studio Bass,Aged Vintage Natural, Peach Guitars, 22072310278,acoustic
Epiphone Jack Casady Bass, Faded Pelham Blue, Peach Guitars, 25011510006,electric_hb
Epiphone Jack Casady Bass, Faded Pelham Blue, Peach Guitars, 25021511399,electric_hb
Epiphone Jack Casady Bass, Faded Pelham Blue, Peach Guitars, 25021511241,electric_hb
Epiphone Jack Casady Bass, Sparkling Burgundy, Peach Guitars, 24031512252,electric_hb
Epiphone Jack Casady Bass, Sparkling Burgundy, Peach Guitars, 24031512251,electric_hb
Epiphone Jack Casady Bass, Sparkling Burgundy, Peach Guitars, 25041510512,electric_hb
Epiphone Grabber Bass,  Ebony, Peach Guitars, 24111521905,electric_solid
Epiphone Grabber Bass,  Ebony, Peach Guitars, 25071525588,electric_solid
Epiphone Grabber Bass,  Ebony, Peach Guitars, 25061524056,electric_solid
Epiphone Mike Dirnt Grabber G-3 Bass, Silverburst, Peach Guitars, 25051521929,electric_solid
Epiphone Mike Dirnt Grabber G-3 Bass, Silverburst, Peach Guitars, 25051522249,electric_solid
Epiphone SG Tribute Plus,Cherry Burst, Peach Guitars,25082350796,electric_solid
Epiphone SG Tribute Plus,Cherry Burst, Peach Guitars,25082350728,electric_solid
Epiphone SG Tribute Plus,Cherry Burst, Peach Guitars,25082350743,electric_solid
Epiphone SG Tribute Plus,Cherry Burst, Peach Guitars,25082350744,electric_solid
Epiphone SG Tribute Plus,Ebony Burst, Peach Guitars,25082350968,electric_solid
Epiphone SG Tribute Plus,Ebony Burst, Peach Guitars,25082350964,electric_solid
Epiphone SG Tribute Plus,Ebony Burst, Peach Guitars,25072352373,electric_solid
Epiphone SG Tribute Plus, Vintage Sunburst, Peach Guitars,25082351131,electric_solid
Epiphone SG Tribute Plus, Vintage Sunburst, Peach Guitars,25082351124,electric_solid
Epiphone SG Tribute Plus, Vintage Sunburst, Peach Guitars,25082351118,electric_solid
Epiphone SG Tribute Plus, Vintage Sunburst, Peach Guitars,25082351105,electric_solid
Epiphone Inspired by Gibson SG Standard, Pelham Blue,Peach Guitars,25031523988,electric_solid
Epiphone Inspired by Gibson SG Standard, Pelham Blue,Peach Guitars,25031525806,electric_solid
Epiphone Inspired by Gibson SG Standard, Pelham Blue,Peach Guitars,25041521679,electric_solid
Epiphone Inspired by Gibson SG Standard, Pelham Blue,Peach Guitars,25031525811,electric_solid
Epiphone Inspired by Gibson SG Standard, Pelham Blue,Peach Guitars,25041521681,electric_solid
Epiphone Inspired by Gibson SG Standard, Pelham Blue,Peach Guitars,25031525817,electric_solid
Epiphone Inspired by Gibson SG Standard, Pelham Blue,Peach Guitars,25051524128,electric_solid
Epiphone Inspired by Gibson SG Standard, Pelham Blue,Peach Guitars,25051524144,electric_solid
Epiphone Inspired by Gibson SG Standard, Pelham Blue,Peach Guitars,25031525816,electric_solid
Epiphone Inspired by Gibson SG Standard, Pelham Blue,Peach Guitars,25051524140,electric_solid
Epiphone Inspired by Gibson Les Paul Standard 50s, Cardinal Red, Peach Guitars,24121528091,electric_solid
Epiphone Inspired by Gibson Les Paul Standard 50s, Cardinal Red, Peach Guitars,24121528090,electric_solid
Epiphone Inspired by Gibson Les Paul Standard 50s, Cardinal Red, Peach Guitars,25011526406,electric_solid
Epiphone Inspired by Gibson SG Standard, TV Yellow,Peach Guitars,24111528262,electric_solid
Epiphone Inspired by Gibson SG Standard, TV Yellow,Peach Guitars,25011526188,electric_solid
Epiphone Inspired by Gibson SG Standard, TV Yellow,Peach Guitars,25041529265,electric_solid
Epiphone Inspired by Gibson SG Standard, TV Yellow,Peach Guitars,25041529275,electric_solid
Epiphone Inspired by Gibson Les Paul Standard 50s Figured, Seafoam Green,Peach Guitars,25011526924,electric_solid
Epiphone Inspired by Gibson Les Paul Standard 50s Figured, Seafoam Green,Peach Guitars,25011524935,electric_solid
Epiphone Inspired by Gibson Les Paul Standard 50s Figured, Seafoam Green,Peach Guitars,25011524446,electric_solid
Epiphone Inspired by Gibson Les Paul Standard 50s Figured, Seafoam Green,Peach Guitars,25021531044,electric_solid
Epiphone Inspired by Gibson SG Standard 60s, TV Yellow, Peach Guitars,24121527050,electric_solid
Epiphone Inspired by Gibson SG Standard 60s, TV Yellow, Peach Guitars,24111528000,electric_solid
Epiphone Blues King Studio, Ebony, Peach Guitars,25072302136,acoustic
Epiphone Blues King Studio, Ebony, Peach Guitars,25072301933,acoustic
Epiphone Blues King Studio, Ebony, Peach Guitars,25072301962,acoustic
Epiphone J-45 EC Studio, Natural, Peach Guitars,24122303807,acoustic
Epiphone J-45 Studio, Vintage Sunburst, Peach Guitars, 25042302643,acoustic
Epiphone Inspired by Gibson SG Standard, Silver Mist, Peach Guitars,24121523917,electric_solid
Epiphone Inspired by Gibson SG Standard, Silver Mist, Peach Guitars,24111527256,electric_solid
Epiphone Inspired by Gibson SG Standard, Silver Mist, Peach Guitars,24121526730,electric_solid
Epiphone Inspired by Gibson SG Standard, Silver Mist, Peach Guitars,24121527235,electric_solid
Epiphone Inspired by Gibson Les Paul Standard 60s Figured, Fucshia, Peach Guitars,24111524812,electric_solid
Epiphone Inspired by Gibson Les Paul Standard 60s Figured, Fucshia, Peach Guitars,25051525192,electric_solid
Epiphone Inspired by Gibson Les Paul Standard 60s Figured, Fucshia, Peach Guitars,25041524331,electric_solid
Epiphone Inspired by Gibson Les Paul Standard 60s Figured, Fucshia, Peach Guitars,25051525199,electric_solid
Epiphone Inspired by Gibson Les Paul Standard 50s, Inverness Green, Peach Guitars,24111526471,electric_solid
Epiphone Inspired by Gibson Les Paul Standard 50s, Inverness Green, Peach Guitars,24111524126,electric_solid
Epiphone Inspired by Gibson Les Paul Standard 50s, Inverness Green, Peach Guitars,24111520655,electric_solid
Epiphone Inspired by Gibson Les Paul Standard 50s, Inverness Green, Peach Guitars,24121524244,electric_solid
Epiphone Inspired by Gibson Les Paul Standard 50s, Inverness Green, Peach Guitars,24121524246,electric_solid
Epiphone Inspired by Gibson Les Paul Standard 60s, Blueberry Burst, Peach Guitars,25031521763,electric_solid
Epiphone B.B. King Lucille, Ebony, Peach Guitars, 22081514958,electric_hb
Epiphone Inspired by Gibson Custom 1957 SJ-200 Reissue, Antique Natural, Peach Guitars, 25081500506,acoustic
Epiphone Inspired by Gibson Custom 1957 SJ-200 Reissue, Antique Natural, Peach Guitars, 25071500840,acoustic
Epiphone Inspired by Gibson Custom 1960 Hummingbird Reissue, Heritage Cherry Sunburst, Peach Guitars, 25071500827,acoustic
Epiphone Inspired by Gibson Custom 1960 Hummingbird Reissue, Heritage Cherry Sunburst, Peach Guitars, 25071500801,acoustic
Epiphone Inspired by Gibson Custom 1960 Hummingbird Reissue, Heritage Cherry Sunburst, Peach Guitars, 25071500473,acoustic
Epiphone Inspired by Gibson Custom 1960 Hummingbird Reissue, Heritage Cherry Sunburst, Peach Guitars, 25071500799,acoustic
Epiphone Inspired by Gibson Custom 1960 Hummingbird Reissue, Heritage Cherry Sunburst, Peach Guitars, 25071500809,acoustic
Epiphone Inspired by Gibson Custom 1960 Hummingbird Reissue, Heritage Cherry Sunburst, Peach Guitars, 25071500835,acoustic
Epiphone Inspired by Gibson Custom Pre-War SJ-200 Rosewood Reissue, Vintage Sunburst, Peach Guitars,25021501612,acoustic
Epiphone Inspired by Gibson Custom 1963 Dove Reissue, Natural, Peach Guitars,25031500763,acoustic
Epiphone EB-3 SG Bass, Ebony, Peach Guitars, 25071529465,electric_solid
Epiphone IGC 1962 ES-335 Reissue, Sixties Cherry, Peach Guitars,25071512281,electric_hb
Epiphone IGC 1962 ES-335 Reissue, Sixties Cherry, Peach Guitars,25071512119,electric_hb
Epiphone IGC 1962 ES-335 Reissue, Sixties Cherry, Peach Guitars,25071512204,electric_hb
Epiphone IGC 1962 ES-335 Reissue, Sixties Cherry, Peach Guitars,25071512217,electric_hb
Epiphone IGC 1962 ES-335 Reissue, Sixties Cherry, Peach Guitars,25071512274,electric_hb
Epiphone IGC 1962 ES-335 Reissue, Sixties Cherry, Peach Guitars,25071512202,electric_hb
Epiphone IGC 1962 ES-335 Reissue, Sixties Cherry, Peach Guitars,25071512212,electric_hb
Epiphone SG Special VE, Heritage Cherry Sunburst, Reddit, 19061309585,electric_solid
Epiphone Thunderbird Vintage PRO, Tabacco Sunburst, Ishibashi,22012351237,electric_solid
EPIPHONE Swingster Roya Limited Edition, Pearl White, Ishibashi, 11082303631,electric_hb
EPIPHONE G-400, White, Ishibashi, 11101506576,electric_solid
EPIPHONE Limited Edition Dot Studio, Gloss Cherry, Ishibashi,12091503317,electric_hb
Epiphone Inspired by John Lennon Casino E230TD, Vintage Sunburst, Ishibashi, 13031500409,electric_hb
EPIPHONE Les Paul Custom Pro, Alpine White, Ishibashi,13081508079,electric_solid
EPIPHONE DOT ES339, Ebony, Ishibashi, 13091502289,electric_hb
Epiphone Tak Matsumoto DC Standard Plus Top, Aqua Blue,Ishibashi,13111507153,electric_solid
EPIPHONE Limited Edition Les Paul Traditional Pro, Tobacco Sunburst, Ishibashi, 14041506759,electric_solid
EPIPHONE Slash Rosso Corsa Les Paul Standard, Rosso Corsa, Ishibashi,14081509403,electric_solid
EPIPHONE Les Paul Classic-T (robot tuners), ,Ishibashi,14081512367,electric_solid
Epiphone Dave Grohl DG-335, Pelham Blue, Ishibashi, 25051524058,electric_hb
Epiphone Les Paul Standard Royale, ,Ikebe Music, 11041511748,electric_solid
Epiphone Les Paul Standard Plus Top Pro, Purple Burst, Ikebe Music, 12111509417,electric_solid
Epiphone Les Paul Classic Plaintop, Cherry Sunburst, Ikebe Music, 10091507567,electric_solid
Epiphone Tak Matsumoto 1955 Les Paul Standard, Antique Gold,Ikebe Music,24121528315,electric_solid
Epiphone Tak Matsumoto 1955 Les Paul Standard, Antique Gold,Ikebe Music,24061523287,electric_solid
Epiphone Dove Studio, Violinburst, Peach Guitars, 25052306986,acoustic
Epiphone Dove Studio, Violinburst, Peach Guitars, 25052306509,acoustic
Epiphone Hummingbird Studio, Faded Cherry,Peach Guitars,25052306370,acoustic
Epiphone Hummingbird Studio, Faded Cherry,Peach Guitars,25062303064,acoustic
Epiphone Blues King Studio, Dark Burst,Peach Guitars,25072301618,acoustic
Epiphone Blues King Studio, Dark Burst,Peach Guitars,25072301663,acoustic
Epiphone Blues King Studio, Dark Burst,Peach Guitars,25072301517,acoustic
Epiphone Les Paul Junior, Tobacco Burst, Peach Guitars,25021520170,electric_solid
Epiphone Les Paul Junior, Tobacco Burst, Peach Guitars,25021526043,electric_solid
Epiphone Les Paul Junior, Tobacco Burst, Peach Guitars,25031520596,electric_solid
Epiphone Les Paul Junior, Tobacco Burst, Peach Guitars,25031520598,electric_solid
Epiphone Les Paul Junior, Tobacco Burst, Peach Guitars,25021526053,electric_solid
Epiphone Les Paul Junior, Tobacco Burst, Peach Guitars,25031520602,electric_solid
Epiphone Les Paul Junior, Tobacco Burst, Peach Guitars,25031520589,electric_solid
Epiphone Les Paul Junior, Tobacco Burst, Peach Guitars,25041520966,electric_solid
Epiphone Les Paul Junior, Tobacco Burst, Peach Guitars,25031520590,electric_solid
Epiphone Les Paul Junior, Tobacco Burst, Peach Guitars,25041523278,electric_solid
Epiphone Les Paul Junior, Tobacco Burst, Peach Guitars,25031520595,electric_solid
Epiphone Les Paul Junior, Tobacco Burst, Peach Guitars,25041523295,electric_solid
Epiphone Les Paul Junior, Tobacco Burst, Peach Guitars,25051522144,electric_solid
Epiphone Les Paul Junior, Tobacco Burst, Peach Guitars,25031520597,electric_solid
Epiphone Les Paul Junior, Tobacco Burst, Peach Guitars,25051522151,electric_solid
Epiphone Les Paul Junior, Tobacco Burst, Peach Guitars,25041523289,electric_solid
Epiphone Les Paul Junior, Tobacco Burst, Peach Guitars,25021525523,electric_solid
Epiphone Les Paul Junior, Tobacco Burst, Peach Guitars,25051522146,electric_solid
Epiphone Les Paul Junior, Tobacco Burst, Peach Guitars,25021526044,electric_solid
Epiphone Les Paul Junior, Tobacco Burst, Peach Guitars,25051522149,electric_solid
Epiphone Les Paul Junior, Tobacco Burst, Peach Guitars,25031520601,electric_solid
Epiphone Les Paul Junior, Tobacco Burst, Peach Guitars,25051522145,electric_solid
Epiphone Les Paul Junior, Tobacco Burst, Peach Guitars,25021526055,electric_solid
Epiphone Les Paul Junior, Tobacco Burst, Peach Guitars,25021526029,electric_solid
Epiphone Les Paul Special, TV Yellow, Peach Guitars, 25041521924,electric_solid
Epiphone Les Paul Special, TV Yellow, Peach Guitars,25041525656,electric_solid
Epiphone Les Paul Special, TV Yellow, Peach Guitars,25041522387,electric_solid
Epiphone Les Paul Special, TV Yellow, Peach Guitars,25041525659,electric_solid
Epiphone Les Paul Special, TV Yellow, Peach Guitars,25041522401,electric_solid
Epiphone Les Paul Special, TV Yellow, Peach Guitars,25041525663,electric_solid
Epiphone Les Paul Special, TV Yellow, Peach Guitars,25041523607,electric_solid
Epiphone Les Paul Special, TV Yellow, Peach Guitars,25041522398,electric_solid
Epiphone Les Paul Special, TV Yellow, Peach Guitars,25041522406,electric_solid
Epiphone Les Paul Special, TV Yellow, Peach Guitars,25041523589,electric_solid
Epiphone Les Paul Special, TV Yellow, Peach Guitars,25041526152,electric_solid
Epiphone Les Paul Special, TV Yellow, Peach Guitars,25041523592,electric_solid
Epiphone Les Paul Special, TV Yellow, Peach Guitars,25041526157,electric_solid
Epiphone Les Paul Special, TV Yellow, Peach Guitars,25041523611,electric_solid
Epiphone Les Paul Special, TV Yellow, Peach Guitars,25041526539,electric_solid
Epiphone Les Paul Special, TV Yellow, Peach Guitars,25041525660,electric_solid
Epiphone Les Paul Special, TV Yellow, Peach Guitars,25041526968,electric_solid
Epiphone Les Paul Special, TV Yellow, Peach Guitars,25041521416,electric_solid
Epiphone Les Paul Special, TV Yellow, Peach Guitars,25041521429,electric_solid
Epiphone Les Paul Special, TV Yellow, Peach Guitars,25041525672,electric_solid
Epiphone Les Paul Special, TV Yellow, Peach Guitars,25041521922,electric_solid
Epiphone Les Paul Special, TV Yellow, Peach Guitars,25041523601,electric_solid
Epiphone Les Paul Special, TV Yellow, Peach Guitars,25041527877,electric_solid
Epiphone Les Paul Special, TV Yellow, Peach Guitars,25041522394,electric_solid
Epiphone Les Paul Special, TV Yellow, Peach Guitars,25041525666,electric_solid
Epiphone Les Paul Custom Widow, Orange Burst, Peach Guitars,25091521601,electric_solid
EPIPHONE RIVIERA, Sparkling Burgundy, Ishibashi, 21081527161,electric_hb
EPIPHONE Shinichi Ubukata ES-355 Custom, unknown, Ishibashi, 19111533048, electric_hb
EPIPHONE Shinichi Ubukata ES-355 Custom, Pellham Blue,Gas Station Guitars, 23011511620, electric_hb
EPIPHONE Limited Edition Bjorn Gelotte Les Paul Custom,Ebony, Ishibashi,15051511108,electric_solid
Epiphone IGC J-180 LS, Pink, Sweetwater,24021500857,acoustic
Epiphone IGC J-180 LS, Frost Blue, Sweetwater, 23111500854,acoustic
Kramer D-1 Bass, Satin Black, Gibson UK/EU Demoshop, 21042900244,electric_solid
Epiphone YUNGBLUD SG Junior, Classic White,Gibson UK/EU Demoshop,24021528373,electric_solid
Epiphone Casino, Worn Ebony,Gibson UK/EU Demoshop,22091511161,electric_hb
Epiphone Hummingbird, Aged Antique Natural Gloss, Gibson UK/EU Demoshop,22121500148,acoustic
Epiphone Emperor Swingster, Black Aged Gloss,Gibson UK/EU Demoshop,21012356148
Epiphone ES-339, Natural,Gibson UK/EU Demoshop,20081528539,electric_hb
Epiphone Rex Brown Thunderbird Bass, Ebony,Gibson UK/EU Demoshop,23081520833,electric_solid
Epiphone Jerry Cantrell Les Paul Custom Prophecy, Bone White,Gibson UK/EU Demoshop, 21111530137, electric_solid
Epiphone Acoustic J-180 LS (Incl. Hard Case), Ebony,Gibson UK/EU Demoshop,24071500811,acoustic
Epiphone 1959 Les Paul Standard (Incl. Hard Case), Aged Dark Burst, Gibson UK/EU Demoshop,23011520013, electric_solid
Epiphone Hummingbird Studio,Faded Cherry Sunburst ,reddit,25082300174,acoustic
Epiphone Les Paul Tribute Plus, Vintage Sunburst, Haggerty's Music,25082350556, electric_solid
Epiphone Les Paul Tribute Plus, Transparant Ebony, Haggerty's Music,25082350137, electric_solid
Epiphone Les Paul Tribute Plus, Vintage Sunburst, Haggerty's Music,25072351672, electric_solid
Epiphone Les Paul Tribute Plus, Herritage Cherry Sunburst, Haggerty's Music,25082350311, electric_solid
Epiphone ES-335, Vintage Sunburst, Haggerty's Music,24091510085, electric_hb
Epiphone Les Paul Special, TV Yellow, Haggerty's Music,24091530798, electric_solid
Epiphone SG Standard, Silver Mist, Haggerty's Music,24081521002, electric_solid
Epiphone ES-339, Vintage Sunburst, Haggerty's Music,25011511187, electric_hb
Epiphone ES-335 Figured, Blueberry Burst, Haggerty's Music,24041510716, electric_hb
Epiphone SG Standard, Cherry, Haggerty's Music,25051521590, electric_solid
Epiphone SG Standard, Pellham Blue, Haggerty's Music,24091530426, electric_solid
Epiphone F-5 Studio Mandolin, Wine Red Satin, Haggerty's Music, 24041301944, mandolin
Epiphone Les Paul Standard, Goldtop, Haggerty's Music,24091520044, electric_solid
Epiphone Les Paul Standard, Bourbon Burst, Haggerty's Music,24081520031, electric_solid
Epiphone Les Paul Standard, Goldtop, Haggerty's Music,24081520080, electric_solid
Epiphone Les Paul Standard, Bourbon Burst, Haggerty's Music,24081520020, electric_solid
Epiphone SG Custom, Alpine White, Haggerty's Music,24081531664, electric_solid
Epiphone SG Custom, Alpine White, Haggerty's Music,24091521434, electric_solid
Epiphone Casino, Vintage Burst, Haggerty's Music, 25051510016, electric_hb
Epiphone Les Paul Standard, Goldtop, Haggerty's Music,24101523439, electric_solid
Epiphone Les Paul Standard, Silver Mist, Haggerty's Music,24111523023, electric_solid
Epiphone IBG Les Paul Standard 50's Figured, Washed Cherry Sunburst, Haggerty's Music,25051520489, electric_solid
Epiphone IBG J-45, Aged Vintage Sunburst Gloss, Haggerty's Music,25061500070, acoustic
Epiphone Sheraton, Natural, Haggerty's Music, 23031511639, electric_hb
Epiphone Emily Wolf Sheraton, White Wolf, Haggerty's Music, 24041512786, electric_hb
Epiphone Mastertone Bowtie Open Back Banjo, Haggerty's Music, Natural, 24101302356, unknown
Epiphone IBG Les Paul Custom, Heritage Cherry Sunburst, Haggerty's Music,25081522033, electric_solid
Epiphone IBG J-45 EC,Vintage Sunburst Gloss, Haggerty's Music, 24092301961, acoustic
Epiphone Thunderbird '64, Silver Mist,Haggerty's Music,23111523878, electric_solid
Epiphone F-5G Mandolin, Cremona Burst,Haggerty's Music,2505240017, unknown
Epiphone F-5G Mandolin, Cremona Burst,Sweetwater,2505240002, unknown
Kramer Pacer Deluxe, Ruby Red Metallic, Sweetwater,24121523965, electric_solid
Kramer Pacer Deluxe, Intruder Black, Sweetwater,25021525205, electric_solid
Kramer Pacer Deluxe, Intruder Black, Sweetwater,25021531695, electric_solid
Kramer Pacer Deluxe, Classic White, Sweetwater,25021523723, electric_solid
Kramer Pacer Deluxe, Classic White, Sweetwater,25021523692, electric_solid
Kramer Pacer Deluxe, Classic White, Sweetwater,25021525753, electric_solid
Kramer Pacer Deluxe GT, Triburst, Sweetwater,25021523159, electric_solid
Kramer Pacer Deluxe GT, Triburst, Sweetwater,25021526333, electric_solid
Kramer Pacer Deluxe GT, Triburst, Sweetwater,25021526335, electric_solid
Kramer Volante HHFR, Defender Red, Sweetwater, 24121526148, electric_solid
Kramer Volante HHFR , Defender Red, Sweetwater, 24121526707, electric_solid
Kramer Volante HSGT,Tri-burst,Sweetwater,24121520728, electric_solid
Kramer Volante HSGT,Tri-burst,Sweetwater,24121521267, electric_solid
Kramer Volante HSGT,Tri-burst,Sweetwater,24121521268, electric_solid
Kramer Volante HSGT,Tri-burst,Sweetwater,24121521736, electric_solid
Kramer Pacer Carrera, Ebony, Sweetwater,23112901968, electric_solid
Kramer Nite-V, Crimson Red, Sweetwater, 23122901548, electric_solid
Kramer Nick Bowcott Signature Baretta, Union Jack, Sweetwater, 24112900046, electric_solid
Kramer SM-1 Figured, Caribbean Blue, Sweetwater, 22052901382, electric_solid
Kramer SM-1 Figured, Caribbean Blue, Sweetwater, 22052901426, electric_solid
Kramer Baretta, Jumper Red, Sweetwater, 21122907385, electric_solid
Kramer Baretta, Jumper Red, Sweetwater, 22032906756, electric_solid
Kramer Nightswan, Aztec Marble Graphic, Sweetwater, 21112903438, electric_solid
Kramer Nightswan, Aztec Marble Graphic, Sweetwater, 21112903458, electric_solid
Epiphone Inspired By Gibson Custom 1959 ES-355,Ebony, Andertons, 25061510609, electric_hb
Epiphone Inspired By Gibson Custom 1959 ES-355,Ebony, Andertons, 25061513064, electric_hb
Epiphone IGC 1960 Les Paul Standard Reissue,Washed Cherry Burst, Andertons,24111525252,electric_solid
Epiphone IGC 1960 Les Paul Standard Reissue,Washed Cherry Burst, Andertons,25041526023,electric_solid
Epiphone IGC 1960 Les Paul Standard Reissue,Washed Cherry Burst, Andertons,25051521379,electric_solid
Epiphone IGC 1960 Les Paul Standard Reissue,Washed Cherry Burst, Andertons,25051521366,electric_solid
Epiphone IGC 1960 Les Paul Standard Reissue,Iced Tea Burst, Andertons,25051521733,electric_solid
Epiphone IGC 1960 Les Paul Standard Reissue,Iced Tea Burst, Andertons,25061522132,electric_solid
Epiphone Slash Les Paul Standard, Anaconda Burst, Gibson UK/EU Demo Shop,21021525679,electric_solid
Epiphone Kirk Hammett Greeny 1959 Les Paul Standard,Greeny Burst,Andertons,24071527070,electric_solid
Epiphone Waxx Nighthawk Studio,Pellham Blue,Andertons,23081520340,electric_solid
Epiphone Newport Bass California,Coral,Andertons,2306130666?,electric_solid
Epiphone Inspired by Gibson Custom 1957 Les Paul Custom Reissue,Ebony,Sweetwater,25091525875,electric_solid
Epiphone Inspired by Gibson Custom 1957 Les Paul Custom Reissue,Ebony,Sweetwater,25091526327,electric_solid
Epiphone Inspired by Gibson Custom 1957 Les Paul Custom Reissue,Ebony,Sweetwater,25091526332,electric_solid
Epiphone Inspired by Gibson Custom 1957 Les Paul Custom Reissue,Ebony,Sweetwater,25091526855,electric_solid
Epiphone Inspired by Gibson Custom 1957 Les Paul Custom Reissue,Ebony,Sweetwater,25091529496,electric_solid
Epiphone Inspired by Gibson Custom 1957 Les Paul Custom Reissue,Ebony,Sweetwater,25091529509,electric_solid
Epiphone Inspired by Gibson Custom Les Paul Custom Quilt,Cobra Burst,Sweetwater,25091525083,electric_solid
Epiphone Inspired by Gibson Custom Les Paul Custom Quilt,Cobra Burst,Sweetwater,25091525687,electric_solid
Epiphone Inspired by Gibson Custom Les Paul Custom Quilt,Cobra Burst,Sweetwater,25091525689,electric_solid
Epiphone Inspired by Gibson Custom Les Paul Custom Quilt,Cobra Burst,Sweetwater,25091530237,electric_solid
Epiphone Inspired by Gibson Custom Les Paul Custom Quilt,Cobra Burst,Sweetwater,25081529206,electric_solid
Epiphone 1959 Les Paul Standard Reissue Electric Guitar,Royal Teaburst(Sweetwater Exclusive),Sweetwater,25081531162,electric_solid
Epiphone 1959 Les Paul Standard Reissue Electric Guitar,Royal Teaburst(Sweetwater Exclusive),Sweetwater,25081531152,electric_solid
Epiphone 1959 Les Paul Standard Reissue Electric Guitar,Royal Teaburst(Sweetwater Exclusive),Sweetwater,25081531725,electric_solid
Epiphone 1959 Les Paul Standard Reissue Electric Guitar,Royal Teaburst(Sweetwater Exclusive),Sweetwater,25081531733,electric_solid
Epiphone 1959 Les Paul Standard Reissue Electric Guitar,Royal Teaburst(Sweetwater Exclusive),Sweetwater,25081531748,electric_solid
Epiphone Les Paul Tribute Plus,Heritage Cherry Sunburst,Sweetwater,25072351056,electric_solid
Epiphone Les Paul Tribute Plus,Heritage Cherry Sunburst,Sweetwater,25072351072,electric_solid
Epiphone Les Paul Tribute Plus,Heritage Cherry Sunburst,Sweetwater,25072351206,electric_solid
Epiphone J-200 Studio EC,Antique Natural,Sweetwater,25072304203,acoustic
Epiphone J-200 Studio EC,Antique Natural,Sweetwater,25072304259,acoustic
Epiphone J-200 Studio EC,Antique Natural,Sweetwater,25072304307,acoustic
Epiphone J-200 Studio EC,Antique Natural,Sweetwater,25082304163,acoustic
Epiphone J-200 Studio EC,Antique Natural,Sweetwater,25082304244,acoustic
Epiphone Hummingbird Studio EC,Antique Natural,Sweetwater,25072303259,acoustic
Epiphone Hummingbird Studio EC,Antique Natural,Sweetwater,25072303256,acoustic
Epiphone Hummingbird Studio EC,Antique Natural,Sweetwater,25072303311,acoustic
Epiphone Hummingbird Studio EC,Antique Natural,Sweetwater,25072303313,acoustic
Epiphone Hummingbird Studio EC,Antique Natural,Sweetwater,25072303362,acoustic
Epiphone Les Paul Standard Plus Top,unknown,Reverb,15051510508,electric_solid
Epiphone Blueshawk Deluxe,Wine Red,Ikebe Music,16031511311,electric_hb
Epiphone E230TD Inspired by "John Lennon",unknown, Reverb, 12111501670,electric_hb
Epiphone 1960 Les Paul Special Double Cut Reissue,TV Yellow,Andertons,25091528761,electric_solid
Epiphone 1960 Les Paul Special Double Cut Reissue,TV Yellow,Andertons,25091528254,electric_solid
Epiphone 1960 Les Paul Special Double Cut Reissue,TV Yellow,Andertons,25091528764,electric_solid
Epiphone 1960 Les Paul Special Double Cut Reissue,TV Yellow,Andertons,25091528706,electric_solid
Epiphone 1960 Les Paul Special Double Cut Reissue,TV Yellow,Andertons,25091524961,electric_solid
Epiphone 1960 Les Paul Special Double Cut Reissue,TV Yellow,Andertons,25091528726,electric_solid
Epiphone 1960 Les Paul Special Double Cut Reissue,TV Yellow,Andertons,25091528757,electric_solid
Epiphone 1960 Les Paul Special Double Cut Reissue,TV Yellow,Andertons,25091528715,electric_solid
Epiphone 1960 Les Paul Special Double Cut Reissue,TV Yellow,Andertons,25091530037,electric_solid
Epiphone 1960 Les Paul Special Double Cut Reissue,TV Yellow,Andertons,25091528710,electric_solid
Epiphone 1960 Les Paul Special Double Cut Reissue,TV Yellow,Andertons,25091528767,electric_solid
Epiphone IGC 1960 Les Paul Special Double Cut Reissue,Pelham Blue, Andertons,25071520853,electric_solid
Epiphone IGC 1960 Les Paul Special Double Cut Reissue,Pelham Blue, Andertons,25071520846,electric_solid
Epiphone Inspired by Gibson Custom 1957 Les Paul Goldtop Reissue,Double Gold,Peach Guitars, 25061524750, electric_solid
Epiphone Inspired by Gibson Custom 1957 Les Paul Goldtop Reissue,Double Gold,Peach Guitars, 25061524747, electric_solid
Epiphone Inspired by Gibson Les Paul Standard 60s,Silver Mist,Peach Guitars,25041526916,electric_solid
Epiphone Inspired by Gibson Les Paul Standard 60s,Silver Mist,Peach Guitars,25041526917,electric_solid
Epiphone Inspired by Gibson Les Paul Standard 60s,Silver Mist,Peach Guitars,25041523579,electric_solid
Epiphone Inspired by Gibson SG Special P-90,Cherry Red,Sweetwater,25081529969,electric_solid
Epiphone Inspired by Gibson SG Special P-90,Cherry Red,Sweetwater,25081530972,electric_solid
Epiphone Inspired by Gibson SG Special P-90,Cherry Red,Sweetwater,25081531551,electric_solid
Epiphone Inspired by Gibson SG Special P-90,Cherry Red,Sweetwater,25091520326,electric_solid
Epiphone Inspired by Gibson SG Special P-90,Cherry Red,Sweetwater,25091520800,electric_solid
Epiphone Inspired by Gibson Les Paul Special Double Cut Figured,Ocean Water,Sweetwater,25081526939,electric_solid
Epiphone Inspired by Gibson Les Paul Special Double Cut Figured,Ocean Water,Sweetwater,25081528617,electric_solid
Epiphone Inspired by Gibson Les Paul Special Double Cut Figured,Ocean Water,Sweetwater,25081528620,electric_solid
Epiphone Inspired by Gibson Les Paul Special Double Cut Figured,Ocean Water,Sweetwater,25081529189,electric_solid
Epiphone Inspired by Gibson Les Paul Special Double Cut Figured,Ocean Water,Sweetwater,25081530207,electric_solid
Epiphone Inspired by Gibson Les Paul Special Double Cut,TV Yellow,Sweetwater,25081527903,electric_solid
Epiphone Inspired by Gibson Les Paul Special Double Cut,TV Yellow,Sweetwater,25081528502,electric_solid
Epiphone Inspired by Gibson Les Paul Special Double Cut,TV Yellow,Sweetwater,25081529654,electric_solid
Epiphone Inspired by Gibson Les Paul Special Double Cut,TV Yellow,Sweetwater,25091520992,electric_solid
Epiphone Inspired by Gibson Les Paul Special Double Cut,TV Yellow,Sweetwater,25091521465,electric_solid
Epiphone Inspired by Gibson Les Paul Special Double Cut,Cherry Red,Sweetwater,25071524617,electric_solid
Epiphone Inspired by Gibson Les Paul Special Double Cut,Cherry Red,Sweetwater,25081525707,electric_solid
Epiphone Inspired by Gibson Les Paul Special Double Cut,Cherry Red,Sweetwater,25081530126,electric_solid
Epiphone Inspired by Gibson Les Paul Special Double Cut,Cherry Red,Sweetwater,25081531280,electric_solid
Epiphone Inspired by Gibson Les Paul Special Double Cut,Cherry Red,Sweetwater,25091521009,electric_solid
Epiphone Inspired by Gibson Les Paul Standard '60s,Iced Tea Burst,Sweetwater,25081520796,electric_solid
Epiphone Inspired by Gibson Les Paul Standard '60s,Iced Tea Burst,Sweetwater,25081524583,electric_solid
Epiphone Inspired by Gibson Les Paul Standard '60s,Iced Tea Burst,Sweetwater,25081526826,electric_solid
Epiphone Inspired by Gibson Les Paul Standard '60s,Iced Tea Burst,Sweetwater,25081527386,electric_solid
Epiphone Inspired by Gibson Les Paul Standard '60s,Iced Tea Burst,Sweetwater,25081527885,electric_solid
Epiphone Inspired by Gibson Les Paul Standard '50s,Goldtop,Sweetwater,25081525078,electric_solid
Epiphone Inspired by Gibson Les Paul Standard '50s,Goldtop,Sweetwater,25081525079,electric_solid
Epiphone Inspired by Gibson Les Paul Standard '50s,Goldtop,Sweetwater,25081526747,electric_solid
Epiphone Inspired by Gibson Les Paul Standard '50s,Goldtop,Sweetwater,25081526754,electric_solid
Epiphone Inspired by Gibson Les Paul Standard '50s,Goldtop,Sweetwater,25081529609,electric_solid
Epiphone Inspired by Gibson Les Paul Standard '60s,Ebony,Sweetwater,25081524567,electric_solid
Epiphone Inspired by Gibson Les Paul Standard '60s,Ebony,Sweetwater,25081526238,electric_solid
Epiphone Inspired by Gibson Les Paul Standard '60s,Ebony,Sweetwater,25081526813,electric_solid
Epiphone Inspired by Gibson Les Paul Standard '60s,Ebony,Sweetwater,25081527843,electric_solid
Epiphone Inspired by Gibson Les Paul Standard '60s,Ebony,Sweetwater,25081527868,electric_solid
Epiphone Les Paul Standard Plus Top pro,Heritage Cherry Sunburst, Ishibashi,12112307739,electric_solid
EPIPHONE E-360TD Riviera,Royal Tan,Ishibashi,20071529989,electric_hb
EPIPHONE Limited Edition James Bay Signature 1966 Century E422T,Cherry Red,Ishibashi,17051501780,electric_hb










